ABC | ABCNationalFeed.us | https://raw.githubusercontent.com/Theitfixer85/myepg/master/Logos/abc-us.png | 9233011874
ACC Network  | ACCNetwork.us | https://raw.githubusercontent.com/Theitfixer85/myepg/master/Logos/acc-network-us.png | 9200017734
AE | AandE.us | https://raw.githubusercontent.com/Theitfixer85/myepg/master/Logos/US/a-and-e-us.png | 9200004889
AMC  | AMC.us | https://raw.githubusercontent.com/Theitfixer85/myepg/master/Logos/US/amc-us.png | 9200020107
Animal Planet  | AnimalPlanet.us | https://raw.githubusercontent.com/Theitfixer85/myepg/master/Logos/animal-planet-us.png | 9233013462
BBCAmerica  | BBCAmerica.us | https://raw.githubusercontent.com/Theitfixer85/myepg/master/Logos/US/bbc-america-us.png | 9200009303
Big Ten Network  | BigTenNetwork.us | https://raw.githubusercontent.com/Theitfixer85/myepg/master/Logos/btn-us.png | 9200004533
BET  | BET.us | https://raw.githubusercontent.com/Theitfixer85/myepg/master/Logos/bet-us.png | 9233000226
Boomerang  | Boomerang.us | https://raw.githubusercontent.com/Theitfixer85/myepg/master/Logos/boomerang-us.png | 9233015844
Bravo  | Bravo.us | https://raw.githubusercontent.com/Theitfixer85/myepg/master/Logos/bravo-us.png | 9200020094
C-span  | CSPAN.us | https://raw.githubusercontent.com/Theitfixer85/myepg/master/Logos/c-span-1-us.png | 9233007144
CBS  | WCBS.us | https://raw.githubusercontent.com/Theitfixer85/myepg/master/Logos/cbs-logo-white-us.png | 9200018514
CBS Sports Network  | CBSSportsNetwork.us | https://raw.githubusercontent.com/Theitfixer85/myepg/master/Logos/cbs-sports-network-us.png | 9233015468
Cinemax  | Cinemax.us | https://raw.githubusercontent.com/Theitfixer85/myepg/master/Logos/cinemax-us.png | 9200000143
CMT  | CMT.us | https://raw.githubusercontent.com/Theitfixer85/myepg/master/Logos/cmt-us.png | 9233000169
Cartoon Network  | CartoonNetwork.us | https://raw.githubusercontent.com/Theitfixer85/myepg/master/Logos/US/cartoon-network-us.png | 9233001926
CNBC  | CNBC.us | https://raw.githubusercontent.com/Theitfixer85/myepg/master/Logos/US/cnbc-us.png | 9200009145
CNN  | CNN.us | https://raw.githubusercontent.com/Theitfixer85/myepg/master/Logos/cnn-us.png | 9233008130
Comedy Central | ComedyCentral.us | https://raw.githubusercontent.com/Theitfixer85/myepg/master/Logos/US/comedy-central-us.png | 9233009509
CW  | WDCW.us | https://raw.githubusercontent.com/Theitfixer85/myepg/master/Logos/cw-us.png | 9233011398
Destination America  | DestinationAmerica.us | https://raw.githubusercontent.com/Theitfixer85/myepg/master/Logos/destination-america-us.png | 9200014472
Discovery  | DiscoveryChannel.us | https://raw.githubusercontent.com/Theitfixer85/myepg/master/Logos/discovery-channel-us.png | 9233001914
Disney  | DisneyChannel.us | https://raw.githubusercontent.com/Theitfixer85/myepg/master/Logos/disney-channel-us.png | 9200011893
DisneyJr  | DisneyJunior.us | https://raw.githubusercontent.com/Theitfixer85/myepg/master/Logos/disney-junior-us.png | 9200016560
DisneyXD  | DisneyXD.us | https://raw.githubusercontent.com/Theitfixer85/myepg/master/Logos/US/disney-xd-us.png | 9200004852
Do it yourself (DIY)  | DIYNetwork.us | https://raw.githubusercontent.com/Theitfixer85/myepg/master/Logos/US/diy-network-us.png | 9200000664
E!  | EEntertainmentTelevision.us | https://raw.githubusercontent.com/Theitfixer85/myepg/master/Logos/e-entertainment-us.png | 9233003794
ESPN  | ESPN.us | https://raw.githubusercontent.com/Theitfixer85/myepg/master/Logos/US/espn-us.png | 9233007996
ESPN2  | ESPN2.us | https://raw.githubusercontent.com/Theitfixer85/myepg/master/Logos/espn-2-us.png | 9200016131
ESPNU  | ESPNU.us | https://raw.githubusercontent.com/Theitfixer85/myepg/master/Logos/espn-u-us.png | 9233011350
ESPNews  | ESPNEWS.us | https://raw.githubusercontent.com/Theitfixer85/myepg/master/Logos/espnews-us.png | 9200006523
FoodNetwork  | FoodNetwork.us | https://raw.githubusercontent.com/Theitfixer85/myepg/master/Logos/US/food-network-us.png | 9233005598
FOX  | FOX(WNYW)NewYorkNY(src01).us | https://raw.githubusercontent.com/Theitfixer85/myepg/master/Logos/US/Fox5.png | 9233002271
FoxBusiness  | FoxBusiness.us | https://raw.githubusercontent.com/Theitfixer85/myepg/master/Logos/fox-business-us.png | 9200009124
FoxNews  | FoxNewsChannel.us | https://raw.githubusercontent.com/Theitfixer85/myepg/master/Logos/fox-news-us.png | 9233006969
Freeform  | Freeform.us | https://raw.githubusercontent.com/Theitfixer85/myepg/master/Logos/freeform-us.png | 9200000497
Fox Sports 1 (FS1)  | FoxSports1.us | https://raw.githubusercontent.com/Theitfixer85/myepg/master/Logos/fox-sports-1-us.png | 9233000539
Fox Sports 2 (FS2)  | FoxSports2.us | https://raw.githubusercontent.com/Theitfixer85/myepg/master/Logos/fox-sports-2-us.png | 9200009884
FX  | FX.us | https://raw.githubusercontent.com/Theitfixer85/myepg/master/Logos/fx-us.png | 9233006959
FX Movie Channel  | FXMovieChannel.us | https://raw.githubusercontent.com/Theitfixer85/myepg/master/Logos/US/fxm-movie-channel-us.png | 9233013967
FXX  | FXX.us | https://raw.githubusercontent.com/Theitfixer85/myepg/master/Logos/fxx-us.png | 9200014910
Golf Channel  | GolfChannel.us | https://raw.githubusercontent.com/Theitfixer85/myepg/master/Logos/nbc-golf-channel-us.png | 9200011865
Game Show Network  | GameShowNetwork.us | https://raw.githubusercontent.com/Theitfixer85/myepg/master/Logos/US/game-show-network-us.png | 9200019858
Hallmark Channel  | HallmarkChannel.us | https://raw.githubusercontent.com/Theitfixer85/myepg/master/Logos/US/hallmark-us.png | 9200016034
HBO  | HBO.us | https://raw.githubusercontent.com/Theitfixer85/myepg/master/Logos/hbo-us.png | 9200004886
HGTV  | HGTV.us | https://raw.githubusercontent.com/Theitfixer85/myepg/master/Logos/US/hgtv-us.png | 9200004467
History  | History.us | https://raw.githubusercontent.com/Theitfixer85/myepg/master/Logos/US/history-channel-us.png | 9233008002
HLN  | HLN.us | https://raw.githubusercontent.com/Theitfixer85/myepg/master/Logos/hln-us.png | 9233005762
Hallmark Movies & Mysteries | HallmarkMoviesandMysteries.us | https://raw.githubusercontent.com/Theitfixer85/myepg/master/Logos/US/hallmark-movies-and-mysteries-us.png | 9200020115
Investigation Discovery  | InvestigationDiscovery.us | https://raw.githubusercontent.com/Theitfixer85/myepg/master/Logos/investigation-discovery-us.png | 9200002243
Lifetime  | Lifetime.us | https://raw.githubusercontent.com/Theitfixer85/myepg/master/Logos/US/lifetime-us.png | 9200000502
Lifetime Movie Network  | LifetimeMovieNetwork.us | https://raw.githubusercontent.com/Theitfixer85/myepg/master/Logos/lifetime-movie-network-us.png | 9200000502
MLB Network  | MLBNetwork.us | https://raw.githubusercontent.com/Theitfixer85/myepg/master/Logos/mlb-network-us.png | 9200009223
Motor Trend  | MOTORTREND.us | https://raw.githubusercontent.com/Theitfixer85/myepg/master/Logos/US/motor-trend-us.png | 9233003479
MSNBC  | MSNBC.us | https://raw.githubusercontent.com/Theitfixer85/myepg/master/Logos/msnbc-alt-us.png | 9233006803
MTV  | MTV.us | https://raw.githubusercontent.com/Theitfixer85/myepg/master/Logos/US/mtv-us.png | 9233015501
National Geographic  | NationalGeographic.us | https://raw.githubusercontent.com/Theitfixer85/myepg/master/Logos/national-geographic-us.png | 9233009337
Nat Geo Wild  | NatGeoWild(src01).uk | https://raw.githubusercontent.com/Theitfixer85/myepg/master/Logos/nat-geo-wild-us.png | 9200004683
NBA TV  | NBATV.us | https://raw.githubusercontent.com/Theitfixer85/myepg/master/Logos/nba-tv-us.png | 9200000070
NBC  | WNBC.us | https://raw.githubusercontent.com/Theitfixer85/myepg/master/Logos/nbc-logo-2013-us.png | 9233009876
NBC Sports (NBCSN)  | NBCSN.us | https://raw.githubusercontent.com/Theitfixer85/myepg/master/Logos/nbcsn-us.png | 9233000030
NFL Network  | NFLNETWORK.us | https://raw.githubusercontent.com/Theitfixer85/myepg/master/Logos/US/nfl-network-us.png | 9200004330
NFL Redzone  | NFLRedZone.us | https://raw.githubusercontent.com/Theitfixer85/myepg/master/Logos/nfl-red-zone-us.png | 9233000241
Nickelodeon  | Nickelodeon.us | https://raw.githubusercontent.com/Theitfixer85/myepg/master/Logos/nickelodeon-us.png | 9233011497
Nicktoons  | Nicktoons.us | https://raw.githubusercontent.com/Theitfixer85/myepg/master/Logos/nick-toons-us.png | 9200020469
One America News Network  | OneAmericaNewsNetwork.us | https://raw.githubusercontent.com/Theitfixer85/myepg/master/Logos/one-america-news-network-us.png | 9200005058
Oprah Winfrey Network (OWN)  | OprahWinfreyNetwork.us | https://raw.githubusercontent.com/Theitfixer85/myepg/master/Logos/opra-winfrey-network-us.png | 9200004740
Olympic Channel  | OlympicChannel.us | https://raw.githubusercontent.com/Theitfixer85/myepg/master/Logos/US/olympics.png | 9233008939
Oxygen  | Oxygen.us | https://raw.githubusercontent.com/Theitfixer85/myepg/master/Logos/oxygen-us.png | 9200012145
Paramount  | ParamountNetwork.us | https://raw.githubusercontent.com/Theitfixer85/myepg/master/Logos/US/paramount-network-us.png | 9233001931
PBS  | PBS.uk | https://raw.githubusercontent.com/Theitfixer85/myepg/master/Logos/pbs-us.png | 9233004141
POP  | POP.us | https://raw.githubusercontent.com/Theitfixer85/myepg/master/Logos/US/pop-us.png | 9200018304
Science  | Science.us | https://raw.githubusercontent.com/Theitfixer85/myepg/master/Logos/discovery-science-us.png | 9200019847
SEC Network  | SECNetwork.us | https://raw.githubusercontent.com/Theitfixer85/myepg/master/Logos/sec-network-us.png | 9233002484
Showtime  | Showtime.us | https://raw.githubusercontent.com/Theitfixer85/myepg/master/Logos/showtime-us.png | 9233011188
StarZ  | Starz.us | https://raw.githubusercontent.com/Theitfixer85/myepg/master/Logos/US/starz-us.png | 9233013809
SundanceTV  | SundanceTV.us | https://raw.githubusercontent.com/Theitfixer85/myepg/master/Logos/sundance-tv-us.png | 9233001687
SYFY  | SYFY.us | https://raw.githubusercontent.com/Theitfixer85/myepg/master/Logos/US/syfy-us.png | 9200004316
TBS  | TBS.us | https://raw.githubusercontent.com/Theitfixer85/myepg/master/Logos/US/tbs-us.png | 9233011348
Turner Classic Movies (TCM)  | TurnerClassicMovies.us | https://raw.githubusercontent.com/Theitfixer85/myepg/master/Logos/tcm-movies-us.png | 9200017928
Telemundo  | Telemundo(Spanish).us | https://raw.githubusercontent.com/Theitfixer85/myepg/master/Logos/US/telemundo-us.png | 9200011857
Tennis Channel  | TennisChannel.us | https://raw.githubusercontent.com/Theitfixer85/myepg/master/Logos/tennis-channel-us.png | 9200017917
TLC  | TLC.us | https://raw.githubusercontent.com/Theitfixer85/myepg/master/Logos/US/tlc-us.png | 9200016249
TNT  | TNT.us | https://raw.githubusercontent.com/Theitfixer85/myepg/master/Logos/US/tnt-us.png | 9233011830
Travel Channel  | TheTravelChannel.us | https://raw.githubusercontent.com/Theitfixer85/myepg/master/Logos/travel-channel-us.png | 9233000035
truTV  | TruTV.us | https://raw.githubusercontent.com/Theitfixer85/myepg/master/Logos/US/tru-tv-us.png | 9233015561
TV Land  | TVLand.us | https://raw.githubusercontent.com/Theitfixer85/myepg/master/Logos/US/tv-land-us.png | 9233005468
The Weather Channel  | TheWeatherChannel.us | https://raw.githubusercontent.com/Theitfixer85/myepg/master/Logos/weather-channel-us.png | 9200016258
Univision  | UnivisionNetwork(Spanish).us | https://raw.githubusercontent.com/Theitfixer85/myepg/master/Logos/US/univision-us.png | 9200000867
USA Network  | USANetwork.us | https://raw.githubusercontent.com/Theitfixer85/myepg/master/Logos/US/usa-us.png | 9200009133
VH1  | VH1.us | https://raw.githubusercontent.com/Theitfixer85/myepg/master/Logos/vh1-us.png | 9233000037
We TV  | WEtv.us | https://raw.githubusercontent.com/Theitfixer85/myepg/master/Logos/we-tv-us.png | 9233003770
WWE Network  | WWENetwork(English).ca | https://i.imgur.com/VJoF3bh.png | 
YES Network  | YesNetwork.us | https://raw.githubusercontent.com/Theitfixer85/myepg/master/Logos/yes-network-us.png | 9200004247
